{
  "development": {
    "username": "u861993382_adminA123",
    "password": "adminA123",
    "database": "u861993382_market_place",
    "host": "153.92.15.21",
    "dialect": "mysql"
  },
  "test": {
    "username": "root",
    "password": null,
    "database": "database_test",
    "host": "127.0.0.1",
    "dialect": "mysql"
  },
  "production": {
    "username": "u861993382_adminA123",
    "password": "adminA123",
    "database": "u861993382_market_place",
    "host": "153.92.15.21",
    "dialect": "mysql"
  }
}
